{"stats":{"minecraft:mined":{"minecraft:sand":7},"minecraft:used":{"minecraft:sand":7,"minecraft:mace":9,"minecraft:trial_spawner":2},"minecraft:custom":{"minecraft:time_since_rest":14743,"minecraft:crouch_one_cm":441,"minecraft:sprint_one_cm":19577,"minecraft:play_time":14743,"minecraft:walk_one_cm":14010,"minecraft:sneak_time":199,"minecraft:walk_under_water_one_cm":1839,"minecraft:mob_kills":7,"minecraft:drop":3,"minecraft:jump":137,"minecraft:damage_dealt":1576,"minecraft:leave_game":3,"minecraft:walk_on_water_one_cm":190,"minecraft:time_since_death":14743,"minecraft:total_world_time":14743,"minecraft:fall_one_cm":1105,"minecraft:fly_one_cm":123265},"minecraft:dropped":{"minecraft:rotten_flesh":2,"minecraft:arrow":1,"minecraft:bone":2},"minecraft:picked_up":{"minecraft:bone":2,"minecraft:arrow":1,"minecraft:rotten_flesh":5,"minecraft:sand":7,"minecraft:gunpowder":2},"minecraft:killed":{"minecraft:skeleton":2,"minecraft:husk":3,"minecraft:zombie":1,"minecraft:creeper":1}},"DataVersion":3953}