{"stats":{"minecraft:mined":{"minecraft:sand":7},"minecraft:custom":{"minecraft:time_since_rest":22457,"minecraft:crouch_one_cm":607,"minecraft:sprint_one_cm":25017,"minecraft:play_time":22457,"minecraft:interact_with_anvil":1,"minecraft:walk_one_cm":19503,"minecraft:sneak_time":416,"minecraft:walk_under_water_one_cm":1839,"minecraft:mob_kills":10,"minecraft:drop":3,"minecraft:jump":174,"minecraft:damage_dealt":7480,"minecraft:leave_game":4,"minecraft:walk_on_water_one_cm":190,"minecraft:time_since_death":22457,"minecraft:total_world_time":22457,"minecraft:fall_one_cm":1105,"minecraft:fly_one_cm":125888},"minecraft:used":{"minecraft:warden_spawn_egg":2,"minecraft:sculk_sensor":1,"minecraft:anvil":1,"minecraft:sand":7,"minecraft:crying_obsidian":1,"minecraft:mace":18,"minecraft:end_crystal":6,"minecraft:sculk_shrieker":1,"minecraft:obsidian":7,"minecraft:trial_spawner":2,"minecraft:calibrated_sculk_sensor":1},"minecraft:dropped":{"minecraft:rotten_flesh":2,"minecraft:arrow":1,"minecraft:bone":2},"minecraft:picked_up":{"minecraft:sculk_catalyst":1,"minecraft:bone":2,"minecraft:arrow":1,"minecraft:rotten_flesh":6,"minecraft:sand":7,"minecraft:gunpowder":4},"minecraft:killed":{"minecraft:skeleton":2,"minecraft:husk":4,"minecraft:warden":1,"minecraft:zombie":1,"minecraft:creeper":2}},"DataVersion":3953}